code,system
40430,gprdproduct
31846,gprdproduct
6300,gprdproduct
5232,gprdproduct
55168,gprdproduct
30241,gprdproduct
4955,gprdproduct
6245,gprdproduct
60409,gprdproduct
4921,gprdproduct
3967,gprdproduct
57566,gprdproduct
60615,gprdproduct
41992,gprdproduct
1977,gprdproduct
42898,gprdproduct
58946,gprdproduct
60230,gprdproduct
276,gprdproduct
34568,gprdproduct
34571,gprdproduct
53337,gprdproduct
57648,gprdproduct
24301,gprdproduct
15275,gprdproduct
59296,gprdproduct
55745,gprdproduct
54746,gprdproduct
30926,gprdproduct
33022,gprdproduct
52971,gprdproduct
26699,gprdproduct
33326,gprdproduct
89,gprdproduct
13015,gprdproduct
34792,gprdproduct
35101,gprdproduct
36892,gprdproduct
32914,gprdproduct
58030,gprdproduct
34332,gprdproduct
57541,gprdproduct
54539,gprdproduct
9851,gprdproduct
32342,gprdproduct
18489,gprdproduct
35699,gprdproduct
35698,gprdproduct
7255,gprdproduct
45173,gprdproduct
34411,gprdproduct
29468,gprdproduct
56433,gprdproduct
34791,gprdproduct
36046,gprdproduct
35383,gprdproduct
5604,gprdproduct
34967,gprdproduct
32919,gprdproduct
56235,gprdproduct
59547,gprdproduct
53843,gprdproduct
42900,gprdproduct
58332,gprdproduct
1451,gprdproduct
49433,gprdproduct
33565,gprdproduct
49584,gprdproduct
51260,gprdproduct
47511,gprdproduct
55744,gprdproduct
34302,gprdproduct
13282,gprdproduct
43957,gprdproduct
58066,gprdproduct
43995,gprdproduct
9989,gprdproduct
50365,gprdproduct
53518,gprdproduct
43948,gprdproduct
5178,gprdproduct
44252,gprdproduct
42736,gprdproduct
52866,gprdproduct
49163,gprdproduct
34577,gprdproduct
57177,gprdproduct
52379,gprdproduct
59725,gprdproduct
50372,gprdproduct
57311,gprdproduct
6114,gprdproduct
59135,gprdproduct
34841,gprdproduct
60403,gprdproduct
29457,gprdproduct
51357,gprdproduct
35257,gprdproduct
34812,gprdproduct
57738,gprdproduct
56432,gprdproduct
58216,gprdproduct
55468,gprdproduct
42533,gprdproduct
55700,gprdproduct
34843,gprdproduct
32924,gprdproduct
42091,gprdproduct
18,gprdproduct
19277,gprdproduct
19249,gprdproduct
45322,gprdproduct
1556,gprdproduct
40152,gprdproduct
4742,gprdproduct
42730,gprdproduct
34531,gprdproduct
47909,gprdproduct
59404,gprdproduct
54188,gprdproduct
53871,gprdproduct
44753,gprdproduct
42532,gprdproduct
50492,gprdproduct
51801,gprdproduct
48063,gprdproduct
59586,gprdproduct
41536,gprdproduct
39,gprdproduct
40896,gprdproduct
42382,gprdproduct
57158,gprdproduct
59106,gprdproduct
37815,gprdproduct
43057,gprdproduct
60537,gprdproduct
34403,gprdproduct
27288,gprdproduct
53335,gprdproduct
34295,gprdproduct
45232,gprdproduct
34886,gprdproduct
26170,gprdproduct
45214,gprdproduct
31533,gprdproduct
43529,gprdproduct
34708,gprdproduct
21,gprdproduct
58711,gprdproduct
54784,gprdproduct
19272,gprdproduct
4885,gprdproduct
30863,gprdproduct
34433,gprdproduct
34480,gprdproduct
1941,gprdproduct
5834,gprdproduct
59394,gprdproduct
773,gprdproduct
49209,gprdproduct
54939,gprdproduct
39904,gprdproduct
58679,gprdproduct
55439,gprdproduct
30,gprdproduct
54121,gprdproduct
40759,gprdproduct
53616,gprdproduct
1229,gprdproduct
17108,gprdproduct
7666,gprdproduct
55647,gprdproduct
28050,gprdproduct
2057,gprdproduct
34788,gprdproduct
18426,gprdproduct
446,gprdproduct
41587,gprdproduct
41589,gprdproduct
34556,gprdproduct
41588,gprdproduct
44023,gprdproduct
4654,gprdproduct
52612,gprdproduct
5236,gprdproduct
1232,gprdproduct
56479,gprdproduct
57528,gprdproduct
9825,gprdproduct
5269,gprdproduct
51548,gprdproduct
6490,gprdproduct
47934,gprdproduct
41568,gprdproduct
33325,gprdproduct
22643,gprdproduct
68,gprdproduct
21991,gprdproduct
33088,gprdproduct
57236,gprdproduct
33667,gprdproduct
32747,gprdproduct
25404,gprdproduct
8389,gprdproduct
10555,gprdproduct
21893,gprdproduct
21602,gprdproduct
55665,gprdproduct
55936,gprdproduct
56614,gprdproduct
53947,gprdproduct
56414,gprdproduct
52691,gprdproduct
17162,gprdproduct
20011,gprdproduct
22635,gprdproduct
8388,gprdproduct
10746,gprdproduct
54693,gprdproduct
59390,gprdproduct
5419,gprdproduct
49375,gprdproduct
51804,gprdproduct
59711,gprdproduct
1986,gprdproduct
41454,gprdproduct
41501,gprdproduct
10098,gprdproduct
5358,gprdproduct
21894,gprdproduct
21901,gprdproduct
56816,gprdproduct
58415,gprdproduct
1692,gprdproduct
56895,gprdproduct
58344,gprdproduct
24049,gprdproduct
15277,gprdproduct
16034,gprdproduct
24302,gprdproduct
21544,gprdproduct
53317,gprdproduct
28047,gprdproduct
58244,gprdproduct
16092,gprdproduct
1394,gprdproduct
34276,gprdproduct
56569,gprdproduct
26537,gprdproduct
31213,gprdproduct
42114,gprdproduct
42088,gprdproduct
34321,gprdproduct
225,gprdproduct
34511,gprdproduct
690,gprdproduct
25360,gprdproduct
31492,gprdproduct
29148,gprdproduct
27808,gprdproduct
28787,gprdproduct
34301,gprdproduct
9433,gprdproduct
34450,gprdproduct
57909,gprdproduct
13378,gprdproduct
45294,gprdproduct
1367,gprdproduct
4468,gprdproduct
55991,gprdproduct
51549,gprdproduct
54253,gprdproduct
54101,gprdproduct
3276,gprdproduct
3857,gprdproduct
29048,gprdproduct
7848,gprdproduct
24092,gprdproduct
9472,gprdproduct
22037,gprdproduct
24704,gprdproduct
46745,gprdproduct
46744,gprdproduct
41366,gprdproduct
41365,gprdproduct
20360,gprdproduct
9174,gprdproduct
24360,gprdproduct
34984,gprdproduct
2387,gprdproduct
162,gprdproduct
50269,gprdproduct
2151,gprdproduct
60590,gprdproduct
60588,gprdproduct
58475,gprdproduct
41631,gprdproduct
41684,gprdproduct
41534,gprdproduct
41648,gprdproduct
1230,gprdproduct
27465,gprdproduct
58842,gprdproduct
4254,gprdproduct
25873,gprdproduct
44800,gprdproduct
44986,gprdproduct
57572,gprdproduct
1947,gprdproduct
519,gprdproduct
32859,gprdproduct
27698,gprdproduct
23132,gprdproduct
4451,gprdproduct
26208,gprdproduct
21823,gprdproduct
41895,gprdproduct
27024,gprdproduct
21988,gprdproduct
21825,gprdproduct
4880,gprdproduct
51290,gprdproduct
57504,gprdproduct
6063,gprdproduct
6291,gprdproduct
41364,gprdproduct
41367,gprdproduct
10556,gprdproduct
10622,gprdproduct
25596,gprdproduct
18225,gprdproduct
54683,gprdproduct
58236,gprdproduct
21871,gprdproduct
21853,gprdproduct
25271,gprdproduct
9795,gprdproduct
21565,gprdproduct
26949,gprdproduct
9904,gprdproduct
53333,gprdproduct
55857,gprdproduct
58334,gprdproduct
1963,gprdproduct
6165,gprdproduct
6727,gprdproduct
16195,gprdproduct
13579,gprdproduct